{
  "images" : [
    {
      "idiom" : "universal",
      "scale" : "1x"
    },
    {
      "filename" : "btn_create02_@2x.png",
      "idiom" : "universal",
      "resizing" : {
        "cap-insets" : {
          "left" : 45,
          "right" : 53
        },
        "center" : {
          "mode" : "stretch",
          "width" : 1
        },
        "mode" : "3-part-horizontal"
      },
      "scale" : "2x"
    },
    {
      "filename" : "btn_create02_@3x.png",
      "idiom" : "universal",
      "resizing" : {
        "cap-insets" : {
          "left" : 78,
          "right" : 104
        },
        "center" : {
          "mode" : "stretch",
          "width" : 1
        },
        "mode" : "3-part-horizontal"
      },
      "scale" : "3x"
    }
  ],
  "info" : {
    "author" : "xcode",
    "version" : 1
  }
}
