{"root":[{"assemblyName":"Assembly-CSharp","nameSpace":"","className":"DataPrivacyOptInFlow","methodName":"InitStepOne","loadTypes":1,"isUnityClass":false},{"assemblyName":"Unity.MemoryProfiler","nameSpace":"Unity.MemoryProfiler","className":"MetadataInjector","methodName":"PlayerInitMetadata","loadTypes":3,"isUnityClass":true},{"assemblyName":"spine-unity","nameSpace":"Spine.Unity.AttachmentTools","className":"AtlasUtilities","methodName":"Init","loadTypes":4,"isUnityClass":false},{"assemblyName":"Unity.VisualScripting.Core","nameSpace":"Unity.VisualScripting","className":"RuntimeVSUsageUtility","methodName":"RuntimeInitializeOnLoadBeforeSceneLoad","loadTypes":1,"isUnityClass":true},{"assemblyName":"Cinemachine","nameSpace":"Cinemachine","className":"CinemachineStoryboard","methodName":"InitializeModule","loadTypes":0,"isUnityClass":false},{"assemblyName":"Cinemachine","nameSpace":"Cinemachine","className":"CinemachineCore","methodName":"InitializeModule","loadTypes":0,"isUnityClass":false},{"assemblyName":"Cinemachine","nameSpace":"Cinemachine","className":"UpdateTracker","methodName":"InitializeModule","loadTypes":0,"isUnityClass":false},{"assemblyName":"Cinemachine","nameSpace":"Cinemachine","className":"CinemachineImpulseManager","methodName":"InitializeModule","loadTypes":0,"isUnityClass":false}]}
