<linker>
	<assembly fullname="Assembly-CSharp">
		<type fullname="ES3Internal.ES3RefIdDictionary" preserve="nothing" serialized="true"/>
		<type fullname="ES3SerializableSettings" preserve="nothing" serialized="true"/>
		<type fullname="Images" preserve="nothing" serialized="true"/>
	</assembly>
	<assembly fullname="Cinemachine">
		<type fullname="Cinemachine.CinemachineBlendDefinition" preserve="nothing" serialized="true"/>
		<type fullname="Cinemachine.CinemachineBrain/BrainEvent" preserve="nothing" serialized="true"/>
		<type fullname="Cinemachine.CinemachineBrain/VcamActivatedEvent" preserve="nothing" serialized="true"/>
		<type fullname="Cinemachine.CinemachineVirtualCameraBase/TransitionParams" preserve="nothing" serialized="true"/>
		<type fullname="Cinemachine.LensSettings" preserve="nothing" serialized="true"/>
	</assembly>
	<assembly fullname="DOTween">
		<type fullname="DG.Tweening.Core.DOTweenSettings/ModulesSetup" preserve="nothing" serialized="true"/>
		<type fullname="DG.Tweening.Core.DOTweenSettings/SafeModeOptions" preserve="nothing" serialized="true"/>
	</assembly>
	<assembly fullname="Unity.TextMeshPro">
		<type fullname="TMPro.FaceInfo_Legacy" preserve="nothing" serialized="true"/>
		<type fullname="TMPro.FontAssetCreationSettings" preserve="nothing" serialized="true"/>
		<type fullname="TMPro.KerningTable" preserve="nothing" serialized="true"/>
		<type fullname="TMPro.TMP_Character" preserve="nothing" serialized="true"/>
		<type fullname="TMPro.TMP_FontFeatureTable" preserve="nothing" serialized="true"/>
		<type fullname="TMPro.TMP_FontWeightPair" preserve="nothing" serialized="true"/>
		<type fullname="TMPro.TMP_GlyphAdjustmentRecord" preserve="nothing" serialized="true"/>
		<type fullname="TMPro.TMP_GlyphPairAdjustmentRecord" preserve="nothing" serialized="true"/>
		<type fullname="TMPro.TMP_GlyphValueRecord" preserve="nothing" serialized="true"/>
		<type fullname="TMPro.TMP_Sprite" preserve="nothing" serialized="true"/>
		<type fullname="TMPro.TMP_SpriteCharacter" preserve="nothing" serialized="true"/>
		<type fullname="TMPro.TMP_SpriteGlyph" preserve="nothing" serialized="true"/>
		<type fullname="TMPro.TMP_Style" preserve="nothing" serialized="true"/>
	</assembly>
	<assembly fullname="Unity.Timeline">
		<type fullname="UnityEngine.Timeline.AudioMixerProperties" preserve="nothing" serialized="true"/>
		<type fullname="UnityEngine.Timeline.MarkerList" preserve="nothing" serialized="true"/>
		<type fullname="UnityEngine.Timeline.TimelineAsset/EditorSettings" preserve="nothing" serialized="true"/>
		<type fullname="UnityEngine.Timeline.TimelineClip" preserve="nothing" serialized="true"/>
	</assembly>
	<assembly fullname="Unity.VisualScripting.Core">
		<type fullname="Unity.VisualScripting.SerializationData" preserve="nothing" serialized="true"/>
	</assembly>
	<assembly fullname="UnityEngine.CoreModule">
		<type fullname="UnityEngine.Events.PersistentCallGroup" preserve="nothing" serialized="true"/>
		<type fullname="UnityEngine.RectOffset" preserve="nothing" serialized="true"/>
	</assembly>
	<assembly fullname="UnityEngine.IMGUIModule">
		<type fullname="UnityEngine.GUISettings" preserve="nothing" serialized="true"/>
		<type fullname="UnityEngine.GUIStyle" preserve="nothing" serialized="true"/>
	</assembly>
	<assembly fullname="UnityEngine.TextCoreFontEngineModule">
		<type fullname="UnityEngine.TextCore.FaceInfo" preserve="nothing" serialized="true"/>
		<type fullname="UnityEngine.TextCore.Glyph" preserve="nothing" serialized="true"/>
		<type fullname="UnityEngine.TextCore.GlyphMetrics" preserve="nothing" serialized="true"/>
		<type fullname="UnityEngine.TextCore.GlyphRect" preserve="nothing" serialized="true"/>
	</assembly>
	<assembly fullname="UnityEngine.UI">
		<type fullname="UnityEngine.UI.MaskableGraphic/CullStateChangedEvent" preserve="nothing" serialized="true"/>
		<type fullname="UnityEngine.UI.ScrollRect/ScrollRectEvent" preserve="nothing" serialized="true"/>
	</assembly>
	<assembly fullname="UnityUIExtensions">
		<type fullname="UnityEngine.UI.Extensions.ReorderableList/ReorderableListHandler" preserve="nothing" serialized="true"/>
	</assembly>
</linker>
