<linker>
	<assembly fullname="Assembly-CSharp">
		<type fullname="AppController" preserve="nothing"/>
		<type fullname="DrawLines" preserve="nothing"/>
		<type fullname="ES3Defaults" preserve="nothing"/>
		<type fullname="ES3Internal.ES3GlobalReferences" preserve="nothing"/>
		<type fullname="NativeMessageComponet" preserve="nothing"/>
		<type fullname="Reporter" preserve="nothing"/>
		<type fullname="ReporterMessageReceiver" preserve="nothing"/>
		<type fullname="SqliteHandle" preserve="nothing"/>
		<type fullname="toucher_blocker" preserve="nothing"/>
	</assembly>
	<assembly fullname="Cinemachine">
		<type fullname="Cinemachine.CinemachineBrain" preserve="nothing"/>
		<type fullname="Cinemachine.CinemachineConfiner2D" preserve="nothing"/>
		<type fullname="Cinemachine.CinemachinePipeline" preserve="nothing"/>
		<type fullname="Cinemachine.CinemachineVirtualCamera" preserve="nothing"/>
	</assembly>
	<assembly fullname="DOTween">
		<type fullname="DG.Tweening.Core.DOTweenSettings" preserve="nothing"/>
	</assembly>
	<assembly fullname="Unity.TextMeshPro">
		<type fullname="TMPro.TMP_ColorGradient" preserve="nothing"/>
		<type fullname="TMPro.TMP_FontAsset" preserve="nothing"/>
		<type fullname="TMPro.TMP_Settings" preserve="nothing"/>
		<type fullname="TMPro.TMP_SpriteAsset" preserve="nothing"/>
		<type fullname="TMPro.TMP_StyleSheet" preserve="nothing"/>
	</assembly>
	<assembly fullname="Unity.Timeline">
		<type fullname="UnityEngine.Timeline.ActivationPlayableAsset" preserve="nothing"/>
		<type fullname="UnityEngine.Timeline.ActivationTrack" preserve="nothing"/>
		<type fullname="UnityEngine.Timeline.AnimationTrack" preserve="nothing"/>
		<type fullname="UnityEngine.Timeline.AudioTrack" preserve="nothing"/>
		<type fullname="UnityEngine.Timeline.ControlTrack" preserve="nothing"/>
		<type fullname="UnityEngine.Timeline.GroupTrack" preserve="nothing"/>
		<type fullname="UnityEngine.Timeline.MarkerTrack" preserve="nothing"/>
		<type fullname="UnityEngine.Timeline.PlayableTrack" preserve="nothing"/>
		<type fullname="UnityEngine.Timeline.SignalTrack" preserve="nothing"/>
		<type fullname="UnityEngine.Timeline.TimelineAsset" preserve="nothing"/>
	</assembly>
	<assembly fullname="Unity.VisualScripting.Core">
		<type fullname="Unity.VisualScripting.VariablesAsset" preserve="nothing"/>
	</assembly>
	<assembly fullname="Unity.VisualScripting.Flow">
		<type fullname="Unity.VisualScripting.ScriptGraphAsset" preserve="nothing"/>
	</assembly>
	<assembly fullname="UnityEngine">
		<type fullname="UnityEditor.Animations.AnimatorController" preserve="nothing"/>
		<type fullname="UnityEditor.AudioManager" preserve="nothing"/>
		<type fullname="UnityEditor.InputManager" preserve="nothing"/>
		<type fullname="UnityEditor.MonoManager" preserve="nothing"/>
		<type fullname="UnityEditor.MonoScript" preserve="nothing"/>
		<type fullname="UnityEditor.Physics2DSettings" preserve="nothing"/>
		<type fullname="UnityEditor.PhysicsManager" preserve="nothing"/>
		<type fullname="UnityEditor.PlayerSettings" preserve="nothing"/>
		<type fullname="UnityEditor.TagManager" preserve="nothing"/>
		<type fullname="UnityEditor.TimeManager" preserve="nothing"/>
		<type fullname="UnityEditor.VFXManager" preserve="nothing"/>
		<type fullname="UnityEngine.AnimationClip" preserve="nothing"/>
		<type fullname="UnityEngine.Animator" preserve="nothing"/>
		<type fullname="UnityEngine.Audio.AudioMixer" preserve="nothing"/>
		<type fullname="UnityEngine.Audio.AudioMixerGroup" preserve="nothing"/>
		<type fullname="UnityEngine.Audio.AudioMixerSnapshot" preserve="nothing"/>
		<type fullname="UnityEngine.AudioBehaviour" preserve="nothing"/>
		<type fullname="UnityEngine.AudioListener" preserve="nothing"/>
		<type fullname="UnityEngine.Behaviour" preserve="nothing"/>
		<type fullname="UnityEngine.BoxCollider" preserve="nothing"/>
		<type fullname="UnityEngine.BoxCollider2D" preserve="nothing"/>
		<type fullname="UnityEngine.Camera" preserve="nothing"/>
		<type fullname="UnityEngine.Canvas" preserve="nothing"/>
		<type fullname="UnityEngine.CanvasRenderer" preserve="nothing"/>
		<type fullname="UnityEngine.CapsuleCollider" preserve="nothing"/>
		<type fullname="UnityEngine.CapsuleCollider2D" preserve="nothing"/>
		<type fullname="UnityEngine.CircleCollider2D" preserve="nothing"/>
		<type fullname="UnityEngine.Collider" preserve="nothing"/>
		<type fullname="UnityEngine.Collider2D" preserve="nothing"/>
		<type fullname="UnityEngine.Component" preserve="nothing"/>
		<type fullname="UnityEngine.CompositeCollider2D" preserve="nothing"/>
		<type fullname="UnityEngine.EdgeCollider2D" preserve="nothing"/>
		<type fullname="UnityEngine.Font" preserve="nothing"/>
		<type fullname="UnityEngine.GameObject" preserve="nothing"/>
		<type fullname="UnityEngine.GridLayout" preserve="nothing"/>
		<type fullname="UnityEngine.LightingSettings" preserve="nothing"/>
		<type fullname="UnityEngine.LightmapSettings" preserve="nothing"/>
		<type fullname="UnityEngine.Material" preserve="nothing"/>
		<type fullname="UnityEngine.MeshCollider" preserve="nothing"/>
		<type fullname="UnityEngine.MonoBehaviour" preserve="nothing"/>
		<type fullname="UnityEngine.Motion" preserve="nothing"/>
		<type fullname="UnityEngine.Object" preserve="nothing"/>
		<type fullname="UnityEngine.Playables.PlayableDirector" preserve="nothing"/>
		<type fullname="UnityEngine.PolygonCollider2D" preserve="nothing"/>
		<type fullname="UnityEngine.QualitySettings" preserve="nothing"/>
		<type fullname="UnityEngine.RectTransform" preserve="nothing"/>
		<type fullname="UnityEngine.Rendering.GraphicsSettings" preserve="nothing"/>
		<type fullname="UnityEngine.Rendering.SortingGroup" preserve="nothing"/>
		<type fullname="UnityEngine.RenderSettings" preserve="nothing"/>
		<type fullname="UnityEngine.Rigidbody2D" preserve="nothing"/>
		<type fullname="UnityEngine.RuntimeAnimatorController" preserve="nothing"/>
		<type fullname="UnityEngine.Shader" preserve="nothing"/>
		<type fullname="UnityEngine.SphereCollider" preserve="nothing"/>
		<type fullname="UnityEngine.Sprite" preserve="nothing"/>
		<type fullname="UnityEngine.TerrainCollider" preserve="nothing"/>
		<type fullname="UnityEngine.TextAsset" preserve="nothing"/>
		<type fullname="UnityEngine.Texture" preserve="nothing"/>
		<type fullname="UnityEngine.Texture2D" preserve="nothing"/>
		<type fullname="UnityEngine.Tilemaps.Tilemap" preserve="nothing"/>
		<type fullname="UnityEngine.Tilemaps.TilemapCollider2D" preserve="nothing"/>
		<type fullname="UnityEngine.Transform" preserve="nothing"/>
		<type fullname="UnityEngine.WheelCollider" preserve="nothing"/>
	</assembly>
	<assembly fullname="UnityEngine.UI">
		<type fullname="UnityEngine.EventSystems.EventSystem" preserve="nothing"/>
		<type fullname="UnityEngine.EventSystems.Physics2DRaycaster" preserve="nothing"/>
		<type fullname="UnityEngine.EventSystems.PhysicsRaycaster" preserve="nothing"/>
		<type fullname="UnityEngine.EventSystems.StandaloneInputModule" preserve="nothing"/>
		<type fullname="UnityEngine.EventSystems.TouchInputModule" preserve="nothing"/>
		<type fullname="UnityEngine.UI.CanvasScaler" preserve="nothing"/>
		<type fullname="UnityEngine.UI.ContentSizeFitter" preserve="nothing"/>
		<type fullname="UnityEngine.UI.GraphicRaycaster" preserve="nothing"/>
		<type fullname="UnityEngine.UI.GridLayoutGroup" preserve="nothing"/>
		<type fullname="UnityEngine.UI.HorizontalLayoutGroup" preserve="nothing"/>
		<type fullname="UnityEngine.UI.Image" preserve="nothing"/>
		<type fullname="UnityEngine.UI.LayoutElement" preserve="nothing"/>
		<type fullname="UnityEngine.UI.Mask" preserve="nothing"/>
		<type fullname="UnityEngine.UI.ScrollRect" preserve="nothing"/>
		<type fullname="UnityEngine.UI.VerticalLayoutGroup" preserve="nothing"/>
	</assembly>
	<assembly fullname="UnityUIExtensions">
		<type fullname="UnityEngine.UI.Extensions.ReorderableList" preserve="nothing"/>
	</assembly>
</linker>
