{"report":{"modules":[{"name":"AI","dependencies":[{"name":"NavMeshAgent","scenes":[],"dependencyType":0,"icon":null},{"name":"NavMeshProjectSettings","scenes":[],"dependencyType":1,"icon":null},{"name":"NavMeshSettings","scenes":["Assets/app_base/base_res/launcher/AppController.unity"],"dependencyType":1,"icon":null}]},{"name":"AndroidJNI","dependencies":[]},{"name":"Animation","dependencies":[{"name":"Animation","scenes":[],"dependencyType":0,"icon":null},{"name":"AnimationClip","scenes":["Assets/app_base/base_res/launcher/AppController.unity"],"dependencyType":0,"icon":null},{"name":"Animator","scenes":["Assets/app_base/base_res/launcher/AppController.unity"],"dependencyType":0,"icon":null},{"name":"AnimatorController","scenes":["Assets/app_base/base_res/launcher/AppController.unity"],"dependencyType":1,"icon":null},{"name":"AnimatorOverrideController","scenes":[],"dependencyType":0,"icon":null},{"name":"Avatar","scenes":[],"dependencyType":0,"icon":null},{"name":"AvatarMask","scenes":[],"dependencyType":0,"icon":null},{"name":"Motion","scenes":[],"dependencyType":1,"icon":null},{"name":"RuntimeAnimatorController","scenes":[],"dependencyType":1,"icon":null},{"name":"Required by Director Module","scenes":[],"dependencyType":2,"icon":"package/com.unity.modules.director"}]},{"name":"AssetBundle","dependencies":[{"name":"AssetBundle","scenes":[],"dependencyType":0,"icon":null},{"name":"AssetBundleManifest","scenes":[],"dependencyType":0,"icon":null}]},{"name":"Audio","dependencies":[{"name":"AudioBehaviour","scenes":["Assets/app_base/base_res/launcher/AppController.unity"],"dependencyType":0,"icon":null},{"name":"AudioClip","scenes":[],"dependencyType":0,"icon":null},{"name":"AudioListener","scenes":["Assets/app_base/base_res/launcher/AppController.unity"],"dependencyType":0,"icon":null},{"name":"AudioManager","scenes":[],"dependencyType":1,"icon":null},{"name":"AudioMixer","scenes":["Assets/app_base/base_res/launcher/AppController.unity"],"dependencyType":0,"icon":null},{"name":"AudioMixerGroup","scenes":["Assets/app_base/base_res/launcher/AppController.unity"],"dependencyType":0,"icon":null},{"name":"AudioMixerSnapshot","scenes":["Assets/app_base/base_res/launcher/AppController.unity"],"dependencyType":0,"icon":null},{"name":"AudioSource","scenes":[],"dependencyType":0,"icon":null},{"name":"SampleClip","scenes":[],"dependencyType":1,"icon":null},{"name":"Required by Director Module","scenes":[],"dependencyType":2,"icon":"package/com.unity.modules.director"},{"name":"Required by UnityWebRequestAudio Module","scenes":[],"dependencyType":2,"icon":"package/com.unity.modules.unitywebrequestaudio"},{"name":"Required by Video Module","scenes":[],"dependencyType":2,"icon":"package/com.unity.modules.video"}]},{"name":"Core","dependencies":[{"name":"Behaviour","scenes":[],"dependencyType":1,"icon":null},{"name":"BuildSettings","scenes":[],"dependencyType":1,"icon":null},{"name":"Camera","scenes":["Assets/app_base/base_res/launcher/AppController.unity"],"dependencyType":0,"icon":null},{"name":"Component","scenes":[],"dependencyType":1,"icon":null},{"name":"ComputeShader","scenes":[],"dependencyType":0,"icon":null},{"name":"Cubemap","scenes":[],"dependencyType":0,"icon":null},{"name":"CubemapArray","scenes":[],"dependencyType":0,"icon":null},{"name":"DelayedCallManager","scenes":[],"dependencyType":1,"icon":null},{"name":"EditorExtension","scenes":["Assets/app_base/base_res/launcher/AppController.unity"],"dependencyType":1,"icon":null},{"name":"Flare","scenes":[],"dependencyType":0,"icon":null},{"name":"GameManager","scenes":[],"dependencyType":1,"icon":null},{"name":"GameObject","scenes":["Assets/app_base/base_res/launcher/AppController.unity"],"dependencyType":0,"icon":null},{"name":"GlobalGameManager","scenes":[],"dependencyType":1,"icon":null},{"name":"GraphicsSettings","scenes":[],"dependencyType":0,"icon":null},{"name":"InputManager","scenes":[],"dependencyType":1,"icon":null},{"name":"LevelGameManager","scenes":["Assets/app_base/base_res/launcher/AppController.unity"],"dependencyType":1,"icon":null},{"name":"Light","scenes":[],"dependencyType":0,"icon":null},{"name":"LightingSettings","scenes":["Assets/app_base/base_res/launcher/AppController.unity"],"dependencyType":0,"icon":null},{"name":"LightmapSettings","scenes":["Assets/app_base/base_res/launcher/AppController.unity"],"dependencyType":0,"icon":null},{"name":"LightProbes","scenes":[],"dependencyType":0,"icon":null},{"name":"LineRenderer","scenes":[],"dependencyType":0,"icon":null},{"name":"LowerResBlitTexture","scenes":[],"dependencyType":0,"icon":null},{"name":"Material","scenes":["Assets/app_base/base_res/launcher/AppController.unity"],"dependencyType":0,"icon":null},{"name":"Mesh","scenes":[],"dependencyType":0,"icon":null},{"name":"MeshFilter","scenes":[],"dependencyType":0,"icon":null},{"name":"MeshRenderer","scenes":[],"dependencyType":0,"icon":null},{"name":"MonoBehaviour","scenes":["Assets/app_base/base_res/launcher/AppController.unity"],"dependencyType":0,"icon":null},{"name":"MonoManager","scenes":[],"dependencyType":1,"icon":null},{"name":"MonoScript","scenes":["Assets/app_base/base_res/launcher/AppController.unity"],"dependencyType":1,"icon":null},{"name":"NamedObject","scenes":["Assets/app_base/base_res/launcher/AppController.unity"],"dependencyType":1,"icon":null},{"name":"Object","scenes":[],"dependencyType":1,"icon":null},{"name":"PlayerSettings","scenes":[],"dependencyType":1,"icon":null},{"name":"PreloadData","scenes":[],"dependencyType":0,"icon":null},{"name":"QualitySettings","scenes":[],"dependencyType":0,"icon":null},{"name":"RectTransform","scenes":["Assets/app_base/base_res/launcher/AppController.unity"],"dependencyType":0,"icon":null},{"name":"ReflectionProbe","scenes":[],"dependencyType":0,"icon":null},{"name":"Renderer","scenes":[],"dependencyType":1,"icon":null},{"name":"RenderSettings","scenes":["Assets/app_base/base_res/launcher/AppController.unity"],"dependencyType":0,"icon":null},{"name":"RenderTexture","scenes":[],"dependencyType":0,"icon":null},{"name":"ResourceManager","scenes":[],"dependencyType":1,"icon":null},{"name":"RuntimeInitializeOnLoadManager","scenes":[],"dependencyType":1,"icon":null},{"name":"Shader","scenes":["Assets/app_base/base_res/launcher/AppController.unity"],"dependencyType":0,"icon":null},{"name":"ShaderNameRegistry","scenes":[],"dependencyType":1,"icon":null},{"name":"SkinnedMeshRenderer","scenes":[],"dependencyType":0,"icon":null},{"name":"SortingGroup","scenes":["Assets/app_base/base_res/launcher/AppController.unity"],"dependencyType":0,"icon":null},{"name":"Sprite","scenes":["Assets/app_base/base_res/launcher/AppController.unity"],"dependencyType":0,"icon":null},{"name":"SpriteAtlas","scenes":[],"dependencyType":0,"icon":null},{"name":"SpriteRenderer","scenes":[],"dependencyType":0,"icon":null},{"name":"TagManager","scenes":[],"dependencyType":1,"icon":null},{"name":"TextAsset","scenes":[],"dependencyType":1,"icon":null},{"name":"Texture","scenes":["Assets/app_base/base_res/launcher/AppController.unity"],"dependencyType":0,"icon":null},{"name":"Texture2D","scenes":["Assets/app_base/base_res/launcher/AppController.unity"],"dependencyType":0,"icon":null},{"name":"Texture2DArray","scenes":[],"dependencyType":0,"icon":null},{"name":"Texture3D","scenes":[],"dependencyType":0,"icon":null},{"name":"TimeManager","scenes":[],"dependencyType":1,"icon":null},{"name":"TrailRenderer","scenes":[],"dependencyType":0,"icon":null},{"name":"Transform","scenes":[],"dependencyType":1,"icon":null},{"name":"Required by AI Module","scenes":[],"dependencyType":2,"icon":"package/com.unity.modules.ai"},{"name":"Required by AndroidJNI Module","scenes":[],"dependencyType":2,"icon":"package/com.unity.modules.androidjni"},{"name":"Required by Animation Module","scenes":[],"dependencyType":2,"icon":"package/com.unity.modules.animation"},{"name":"Required by AssetBundle Module","scenes":[],"dependencyType":2,"icon":"package/com.unity.modules.assetbundle"},{"name":"Required by Audio Module","scenes":[],"dependencyType":2,"icon":"package/com.unity.modules.audio"},{"name":"Required by Director Module","scenes":[],"dependencyType":2,"icon":"package/com.unity.modules.director"},{"name":"Required by GameCenter Module","scenes":[],"dependencyType":2,"icon":"package/com.unity.modules.gamecenter"},{"name":"Required by Grid Module","scenes":[],"dependencyType":2,"icon":"package/com.unity.modules.grid"},{"name":"Required by HotReload Module","scenes":[],"dependencyType":2,"icon":"package/com.unity.modules.hotreload"},{"name":"Required by ImageConversion Module","scenes":[],"dependencyType":2,"icon":"package/com.unity.modules.imageconversion"},{"name":"Required by IMGUI Module","scenes":[],"dependencyType":2,"icon":"package/com.unity.modules.imgui"},{"name":"Required by InputLegacy Module","scenes":[],"dependencyType":2,"icon":"package/com.unity.modules.inputlegacy"},{"name":"Required by JSONSerialize Module","scenes":[],"dependencyType":2,"icon":"package/com.unity.modules.jsonserialize"},{"name":"Required by ParticleSystem Module","scenes":[],"dependencyType":2,"icon":"package/com.unity.modules.particlesystem"},{"name":"Required by PerformanceReporting Module","scenes":[],"dependencyType":2,"icon":"package/com.unity.modules.performancereporting"},{"name":"Required by Physics Module","scenes":[],"dependencyType":2,"icon":"package/com.unity.modules.physics"},{"name":"Required by Physics2D Module","scenes":[],"dependencyType":2,"icon":"package/com.unity.modules.physics2d"},{"name":"Required by RuntimeInitializeOnLoadManagerInitializer Module","scenes":[],"dependencyType":2,"icon":"package/com.unity.modules.runtimeinitializeonloadmanagerinitializer"},{"name":"Required by ScreenCapture Module","scenes":[],"dependencyType":2,"icon":"package/com.unity.modules.screencapture"},{"name":"Required by Terrain Module","scenes":[],"dependencyType":2,"icon":"package/com.unity.modules.terrain"},{"name":"Required by TerrainPhysics Module","scenes":[],"dependencyType":2,"icon":"package/com.unity.modules.terrainphysics"},{"name":"Required by TextCoreFontEngine Module","scenes":[],"dependencyType":2,"icon":"package/com.unity.modules.textcorefontengine"},{"name":"Required by TextCoreTextEngine Module","scenes":[],"dependencyType":2,"icon":"package/com.unity.modules.textcoretextengine"},{"name":"Required by TextRendering Module","scenes":[],"dependencyType":2,"icon":"package/com.unity.modules.textrendering"},{"name":"Required by Tilemap Module","scenes":[],"dependencyType":2,"icon":"package/com.unity.modules.tilemap"},{"name":"Required by TLS Module","scenes":[],"dependencyType":2,"icon":"package/com.unity.modules.tls"},{"name":"Required by UI Module","scenes":[],"dependencyType":2,"icon":"package/com.unity.modules.ui"},{"name":"Required by UIElements Module","scenes":[],"dependencyType":2,"icon":"package/com.unity.modules.uielements"},{"name":"Required by UIElementsNative Module","scenes":[],"dependencyType":2,"icon":"package/com.unity.modules.uielementsnative"},{"name":"Required by UnityAnalytics Module","scenes":[],"dependencyType":2,"icon":"package/com.unity.modules.unityanalytics"},{"name":"Required by UnityConnect Module","scenes":[],"dependencyType":2,"icon":"package/com.unity.modules.unityconnect"},{"name":"Required by UnityWebRequest Module","scenes":[],"dependencyType":2,"icon":"package/com.unity.modules.unitywebrequest"},{"name":"Required by UnityWebRequestAudio Module","scenes":[],"dependencyType":2,"icon":"package/com.unity.modules.unitywebrequestaudio"},{"name":"Required by UnityWebRequestTexture Module","scenes":[],"dependencyType":2,"icon":"package/com.unity.modules.unitywebrequesttexture"},{"name":"Required by Vehicles Module","scenes":[],"dependencyType":2,"icon":"package/com.unity.modules.vehicles"},{"name":"Required by Video Module","scenes":[],"dependencyType":2,"icon":"package/com.unity.modules.video"}]},{"name":"Director","dependencies":[{"name":"PlayableDirector","scenes":["Assets/app_base/base_res/launcher/AppController.unity"],"dependencyType":0,"icon":null}]},{"name":"GameCenter","dependencies":[]},{"name":"Grid","dependencies":[{"name":"GridLayout","scenes":["Assets/app_base/base_res/launcher/AppController.unity"],"dependencyType":0,"icon":null},{"name":"Required by Tilemap Module","scenes":[],"dependencyType":2,"icon":"package/com.unity.modules.tilemap"}]},{"name":"HotReload","dependencies":[{"name":"Required by AssetBundle Module","scenes":[],"dependencyType":2,"icon":"package/com.unity.modules.assetbundle"}]},{"name":"ImageConversion","dependencies":[{"name":"Required by GameCenter Module","scenes":[],"dependencyType":2,"icon":"package/com.unity.modules.gamecenter"},{"name":"Required by ScreenCapture Module","scenes":[],"dependencyType":2,"icon":"package/com.unity.modules.screencapture"},{"name":"Required by UnityWebRequestTexture Module","scenes":[],"dependencyType":2,"icon":"package/com.unity.modules.unitywebrequesttexture"}]},{"name":"IMGUI","dependencies":[{"name":"Required by UIElements Module","scenes":[],"dependencyType":2,"icon":"package/com.unity.modules.uielements"},{"name":"Required by UIElementsNative Module","scenes":[],"dependencyType":2,"icon":"package/com.unity.modules.uielementsnative"}]},{"name":"InputLegacy","dependencies":[{"name":"Required by IMGUI Module","scenes":[],"dependencyType":2,"icon":"package/com.unity.modules.imgui"},{"name":"Required by UIElements Module","scenes":[],"dependencyType":2,"icon":"package/com.unity.modules.uielements"},{"name":"Required by UIElementsNative Module","scenes":[],"dependencyType":2,"icon":"package/com.unity.modules.uielementsnative"}]},{"name":"JSONSerialize","dependencies":[{"name":"Required by PerformanceReporting Module","scenes":[],"dependencyType":2,"icon":"package/com.unity.modules.performancereporting"},{"name":"Required by RuntimeInitializeOnLoadManagerInitializer Module","scenes":[],"dependencyType":2,"icon":"package/com.unity.modules.runtimeinitializeonloadmanagerinitializer"},{"name":"Required by UIElements Module","scenes":[],"dependencyType":2,"icon":"package/com.unity.modules.uielements"},{"name":"Required by UIElementsNative Module","scenes":[],"dependencyType":2,"icon":"package/com.unity.modules.uielementsnative"},{"name":"Required by UnityAnalytics Module","scenes":[],"dependencyType":2,"icon":"package/com.unity.modules.unityanalytics"}]},{"name":"ParticleSystem","dependencies":[{"name":"ParticleSystem","scenes":[],"dependencyType":0,"icon":null},{"name":"ParticleSystemRenderer","scenes":[],"dependencyType":0,"icon":null}]},{"name":"PerformanceReporting","dependencies":[]},{"name":"Physics","dependencies":[{"name":"ArticulationBody","scenes":[],"dependencyType":0,"icon":null},{"name":"BoxCollider","scenes":["Assets/app_base/base_res/launcher/AppController.unity"],"dependencyType":0,"icon":null},{"name":"CapsuleCollider","scenes":["Assets/app_base/base_res/launcher/AppController.unity"],"dependencyType":0,"icon":null},{"name":"CharacterController","scenes":[],"dependencyType":0,"icon":null},{"name":"Collider","scenes":[],"dependencyType":1,"icon":null},{"name":"MeshCollider","scenes":["Assets/app_base/base_res/launcher/AppController.unity"],"dependencyType":0,"icon":null},{"name":"PhysicMaterial","scenes":[],"dependencyType":0,"icon":null},{"name":"PhysicsManager","scenes":[],"dependencyType":1,"icon":null},{"name":"Rigidbody","scenes":[],"dependencyType":0,"icon":null},{"name":"SphereCollider","scenes":["Assets/app_base/base_res/launcher/AppController.unity"],"dependencyType":0,"icon":null},{"name":"Required by TerrainPhysics Module","scenes":[],"dependencyType":2,"icon":"package/com.unity.modules.terrainphysics"},{"name":"Required by Vehicles Module","scenes":[],"dependencyType":2,"icon":"package/com.unity.modules.vehicles"}]},{"name":"Physics2D","dependencies":[{"name":"AnchoredJoint2D","scenes":[],"dependencyType":1,"icon":null},{"name":"BoxCollider2D","scenes":["Assets/app_base/base_res/launcher/AppController.unity"],"dependencyType":0,"icon":null},{"name":"CapsuleCollider2D","scenes":["Assets/app_base/base_res/launcher/AppController.unity"],"dependencyType":0,"icon":null},{"name":"CircleCollider2D","scenes":["Assets/app_base/base_res/launcher/AppController.unity"],"dependencyType":0,"icon":null},{"name":"Collider2D","scenes":[],"dependencyType":1,"icon":null},{"name":"CompositeCollider2D","scenes":["Assets/app_base/base_res/launcher/AppController.unity"],"dependencyType":0,"icon":null},{"name":"EdgeCollider2D","scenes":["Assets/app_base/base_res/launcher/AppController.unity"],"dependencyType":0,"icon":null},{"name":"HingeJoint2D","scenes":[],"dependencyType":0,"icon":null},{"name":"Joint2D","scenes":[],"dependencyType":0,"icon":null},{"name":"Physics2DSettings","scenes":[],"dependencyType":1,"icon":null},{"name":"PhysicsMaterial2D","scenes":[],"dependencyType":0,"icon":null},{"name":"PolygonCollider2D","scenes":["Assets/app_base/base_res/launcher/AppController.unity"],"dependencyType":0,"icon":null},{"name":"Rigidbody2D","scenes":["Assets/app_base/base_res/launcher/AppController.unity"],"dependencyType":0,"icon":null},{"name":"Required by Tilemap Module","scenes":[],"dependencyType":2,"icon":"package/com.unity.modules.tilemap"}]},{"name":"RuntimeInitializeOnLoadManagerInitializer","dependencies":[{"name":"RuntimeInitializeOnLoadManagerInitializer is always required","scenes":[],"dependencyType":3,"icon":"class/DefaultAsset"}]},{"name":"ScreenCapture","dependencies":[]},{"name":"SharedInternals","dependencies":[{"name":"Required by AI Module","scenes":[],"dependencyType":2,"icon":"package/com.unity.modules.ai"},{"name":"Required by AndroidJNI Module","scenes":[],"dependencyType":2,"icon":"package/com.unity.modules.androidjni"},{"name":"Required by Animation Module","scenes":[],"dependencyType":2,"icon":"package/com.unity.modules.animation"},{"name":"Required by AssetBundle Module","scenes":[],"dependencyType":2,"icon":"package/com.unity.modules.assetbundle"},{"name":"Required by Audio Module","scenes":[],"dependencyType":2,"icon":"package/com.unity.modules.audio"},{"name":"Required by Core Module","scenes":[],"dependencyType":2,"icon":"package/com.unity.modules.core"},{"name":"Required by Director Module","scenes":[],"dependencyType":2,"icon":"package/com.unity.modules.director"},{"name":"Required by GameCenter Module","scenes":[],"dependencyType":2,"icon":"package/com.unity.modules.gamecenter"},{"name":"Required by Grid Module","scenes":[],"dependencyType":2,"icon":"package/com.unity.modules.grid"},{"name":"Required by HotReload Module","scenes":[],"dependencyType":2,"icon":"package/com.unity.modules.hotreload"},{"name":"Required by ImageConversion Module","scenes":[],"dependencyType":2,"icon":"package/com.unity.modules.imageconversion"},{"name":"Required by IMGUI Module","scenes":[],"dependencyType":2,"icon":"package/com.unity.modules.imgui"},{"name":"Required by InputLegacy Module","scenes":[],"dependencyType":2,"icon":"package/com.unity.modules.inputlegacy"},{"name":"Required by JSONSerialize Module","scenes":[],"dependencyType":2,"icon":"package/com.unity.modules.jsonserialize"},{"name":"Required by ParticleSystem Module","scenes":[],"dependencyType":2,"icon":"package/com.unity.modules.particlesystem"},{"name":"Required by PerformanceReporting Module","scenes":[],"dependencyType":2,"icon":"package/com.unity.modules.performancereporting"},{"name":"Required by Physics Module","scenes":[],"dependencyType":2,"icon":"package/com.unity.modules.physics"},{"name":"Required by Physics2D Module","scenes":[],"dependencyType":2,"icon":"package/com.unity.modules.physics2d"},{"name":"Required by RuntimeInitializeOnLoadManagerInitializer Module","scenes":[],"dependencyType":2,"icon":"package/com.unity.modules.runtimeinitializeonloadmanagerinitializer"},{"name":"Required by ScreenCapture Module","scenes":[],"dependencyType":2,"icon":"package/com.unity.modules.screencapture"},{"name":"Required by Terrain Module","scenes":[],"dependencyType":2,"icon":"package/com.unity.modules.terrain"},{"name":"Required by TerrainPhysics Module","scenes":[],"dependencyType":2,"icon":"package/com.unity.modules.terrainphysics"},{"name":"Required by TextCoreFontEngine Module","scenes":[],"dependencyType":2,"icon":"package/com.unity.modules.textcorefontengine"},{"name":"Required by TextCoreTextEngine Module","scenes":[],"dependencyType":2,"icon":"package/com.unity.modules.textcoretextengine"},{"name":"Required by TextRendering Module","scenes":[],"dependencyType":2,"icon":"package/com.unity.modules.textrendering"},{"name":"Required by Tilemap Module","scenes":[],"dependencyType":2,"icon":"package/com.unity.modules.tilemap"},{"name":"Required by TLS Module","scenes":[],"dependencyType":2,"icon":"package/com.unity.modules.tls"},{"name":"Required by UI Module","scenes":[],"dependencyType":2,"icon":"package/com.unity.modules.ui"},{"name":"Required by UIElements Module","scenes":[],"dependencyType":2,"icon":"package/com.unity.modules.uielements"},{"name":"Required by UIElementsNative Module","scenes":[],"dependencyType":2,"icon":"package/com.unity.modules.uielementsnative"},{"name":"Required by UnityAnalytics Module","scenes":[],"dependencyType":2,"icon":"package/com.unity.modules.unityanalytics"},{"name":"Required by UnityConnect Module","scenes":[],"dependencyType":2,"icon":"package/com.unity.modules.unityconnect"},{"name":"Required by UnityWebRequest Module","scenes":[],"dependencyType":2,"icon":"package/com.unity.modules.unitywebrequest"},{"name":"Required by UnityWebRequestAudio Module","scenes":[],"dependencyType":2,"icon":"package/com.unity.modules.unitywebrequestaudio"},{"name":"Required by UnityWebRequestTexture Module","scenes":[],"dependencyType":2,"icon":"package/com.unity.modules.unitywebrequesttexture"},{"name":"Required by Vehicles Module","scenes":[],"dependencyType":2,"icon":"package/com.unity.modules.vehicles"},{"name":"Required by Video Module","scenes":[],"dependencyType":2,"icon":"package/com.unity.modules.video"}]},{"name":"Terrain","dependencies":[{"name":"Terrain","scenes":[],"dependencyType":0,"icon":null},{"name":"TerrainData","scenes":[],"dependencyType":0,"icon":null},{"name":"Required by TerrainPhysics Module","scenes":[],"dependencyType":2,"icon":"package/com.unity.modules.terrainphysics"}]},{"name":"TerrainPhysics","dependencies":[{"name":"TerrainCollider","scenes":["Assets/app_base/base_res/launcher/AppController.unity"],"dependencyType":0,"icon":null}]},{"name":"TextCoreFontEngine","dependencies":[{"name":"Required by TextCoreTextEngine Module","scenes":[],"dependencyType":2,"icon":"package/com.unity.modules.textcoretextengine"},{"name":"Required by UIElements Module","scenes":[],"dependencyType":2,"icon":"package/com.unity.modules.uielements"}]},{"name":"TextCoreTextEngine","dependencies":[{"name":"Required by UIElements Module","scenes":[],"dependencyType":2,"icon":"package/com.unity.modules.uielements"},{"name":"Required by UIElementsNative Module","scenes":[],"dependencyType":2,"icon":"package/com.unity.modules.uielementsnative"}]},{"name":"TextRendering","dependencies":[{"name":"Font","scenes":["Assets/app_base/base_res/launcher/AppController.unity"],"dependencyType":0,"icon":null},{"name":"TextMesh","scenes":[],"dependencyType":0,"icon":null},{"name":"Required by IMGUI Module","scenes":[],"dependencyType":2,"icon":"package/com.unity.modules.imgui"},{"name":"Required by TextCoreFontEngine Module","scenes":[],"dependencyType":2,"icon":"package/com.unity.modules.textcorefontengine"},{"name":"Required by TextCoreTextEngine Module","scenes":[],"dependencyType":2,"icon":"package/com.unity.modules.textcoretextengine"},{"name":"Required by UI Module","scenes":[],"dependencyType":2,"icon":"package/com.unity.modules.ui"},{"name":"Required by UIElements Module","scenes":[],"dependencyType":2,"icon":"package/com.unity.modules.uielements"},{"name":"Required by UIElementsNative Module","scenes":[],"dependencyType":2,"icon":"package/com.unity.modules.uielementsnative"}]},{"name":"Tilemap","dependencies":[{"name":"Tilemap","scenes":["Assets/app_base/base_res/launcher/AppController.unity"],"dependencyType":0,"icon":null},{"name":"TilemapCollider2D","scenes":["Assets/app_base/base_res/launcher/AppController.unity"],"dependencyType":0,"icon":null},{"name":"TilemapRenderer","scenes":[],"dependencyType":0,"icon":null}]},{"name":"TLS","dependencies":[{"name":"Required by UnityWebRequest Module","scenes":[],"dependencyType":2,"icon":"package/com.unity.modules.unitywebrequest"}]},{"name":"UI","dependencies":[{"name":"Canvas","scenes":["Assets/app_base/base_res/launcher/AppController.unity"],"dependencyType":0,"icon":null},{"name":"CanvasGroup","scenes":[],"dependencyType":0,"icon":null},{"name":"CanvasRenderer","scenes":["Assets/app_base/base_res/launcher/AppController.unity"],"dependencyType":0,"icon":null},{"name":"Required by UIElements Module","scenes":[],"dependencyType":2,"icon":"package/com.unity.modules.uielements"},{"name":"Required by UIElementsNative Module","scenes":[],"dependencyType":2,"icon":"package/com.unity.modules.uielementsnative"},{"name":"Required by Video Module","scenes":[],"dependencyType":2,"icon":"package/com.unity.modules.video"}]},{"name":"UIElements","dependencies":[]},{"name":"UIElementsNative","dependencies":[{"name":"Required by UIElements Module","scenes":[],"dependencyType":2,"icon":"package/com.unity.modules.uielements"}]},{"name":"UnityAnalytics","dependencies":[{"name":"Required by PerformanceReporting Module","scenes":[],"dependencyType":2,"icon":"package/com.unity.modules.performancereporting"}]},{"name":"UnityConnect","dependencies":[{"name":"Required by PerformanceReporting Module","scenes":[],"dependencyType":2,"icon":"package/com.unity.modules.performancereporting"},{"name":"Required by UnityAnalytics Module","scenes":[],"dependencyType":2,"icon":"package/com.unity.modules.unityanalytics"}]},{"name":"UnityWebRequest","dependencies":[{"name":"Required by UnityAnalytics Module","scenes":[],"dependencyType":2,"icon":"package/com.unity.modules.unityanalytics"},{"name":"Required by UnityWebRequestAudio Module","scenes":[],"dependencyType":2,"icon":"package/com.unity.modules.unitywebrequestaudio"},{"name":"Required by UnityWebRequestTexture Module","scenes":[],"dependencyType":2,"icon":"package/com.unity.modules.unitywebrequesttexture"},{"name":"Required by Video Module","scenes":[],"dependencyType":2,"icon":"package/com.unity.modules.video"}]},{"name":"UnityWebRequestAudio","dependencies":[]},{"name":"UnityWebRequestTexture","dependencies":[]},{"name":"Vehicles","dependencies":[{"name":"WheelCollider","scenes":["Assets/app_base/base_res/launcher/AppController.unity"],"dependencyType":0,"icon":null}]},{"name":"Video","dependencies":[{"name":"VideoClip","scenes":[],"dependencyType":0,"icon":null},{"name":"VideoPlayer","scenes":[],"dependencyType":0,"icon":null}]}]}}